doc_id,x_tsne,y_tsne,Topic
1,33.970207,22.309834,-1
2,37.775143,11.721351,0
3,-2.0952544,-30.915495,0
4,-25.401512,30.416996,0
5,1.1841561,26.095615,0
6,-38.152523,-13.65038,0
7,24.833666,25.742065,0
8,30.814991,-9.079635,-1
9,-24.12411,25.280867,0
10,1.3230534,27.114004,0
11,17.035929,-41.622227,0
12,-21.107647,80.10431,1
13,-25.853409,-33.865425,0
14,-18.511694,81.3553,1
15,-25.290983,-34.090046,-1
16,51.24413,15.459236,0
17,-0.84335375,-67.619194,0
18,40.103848,2.0066915,-1
19,-7.059811,-23.341774,-1
20,19.707727,-41.573288,0
21,19.184452,-60.137596,0
22,-14.692336,37.053505,0
23,-16.140022,36.564922,0
24,-21.498676,33.016087,0
25,-19.401941,38.597122,0
26,-20.08308,36.612774,0
27,36.359818,30.137867,-1
28,35.88099,31.803482,-1
29,-15.370291,34.98574,0
30,36.93834,31.728928,-1
31,-16.893766,36.725075,0
32,-33.14582,33.643276,-1
33,30.831043,14.720229,-1
34,-19.18322,34.955383,0
35,36.021896,8.036284,0
36,-17.271772,35.05808,-1
37,-18.49817,40.55053,0
38,37.623283,-0.8956841,0
39,-18.262875,33.453754,0
40,-17.622942,37.44533,0
41,-20.23851,39.236626,0
42,-18.297615,36.22543,0
43,13.392559,12.823979,0
44,-26.215883,53.065773,1
45,-17.153824,33.265488,0
46,14.365586,12.430223,0
47,-16.291576,31.627981,0
48,51.153843,14.743366,0
49,-8.65305,30.333933,-1
50,14.85649,12.266765,-1
51,12.836927,-48.517036,0
52,24.320633,-46.09088,0
53,-19.31295,30.176296,0
54,-19.019228,29.754814,0
55,-19.191225,28.536818,0
56,-13.536682,31.115864,0
57,29.77343,14.014175,0
58,-14.186231,32.872334,-1
59,-16.465912,39.554893,0
60,-17.359718,39.15906,0
61,-19.560915,58.508717,-1
62,-24.501978,27.069685,0
63,6.5449495,-50.029556,0
64,28.02116,-64.83821,0
65,34.602463,-5.5084276,0
66,-2.381249,-70.84926,0
67,5.215738,-50.39502,0
68,4.3992143,-44.05273,-1
69,24.706013,-47.34247,0
70,28.807085,-65.24652,0
71,10.078416,-59.668495,0
72,26.082853,-45.91548,0
73,17.924847,-62.8187,0
74,26.471733,-46.77626,0
75,-5.471856,-22.404177,-1
76,37.79546,32.15025,-1
77,15.986118,34.624886,0
78,-14.950473,-27.843363,0
79,-6.411547,95.05515,2
80,-14.759018,-27.353394,0
81,-2.980364,-59.961758,3
82,25.748323,-46.964916,0
83,16.010408,-38.83958,0
84,15.3795,-72.160614,-1
85,-22.81822,-8.401341,0
86,21.70376,32.585823,0
87,-37.26764,-13.909566,0
88,-0.19675677,-34.786213,-1
89,23.373648,-47.907642,0
90,-22.516191,-8.776462,0
91,-36.73484,-14.656623,0
92,-5.9258375,-59.0222,0
93,21.128944,73.55337,-1
94,28.699856,-47.222836,0
95,-4.558146,27.566128,0
96,-13.508371,42.494865,1
97,-4.9593525,26.740263,-1
98,-0.63837105,27.369425,0
99,-12.422638,-40.914425,0
100,-18.379887,18.392775,-1
101,-18.755411,18.150324,-1
102,5.2088356,10.804437,0
103,-5.8128343,-75.201614,0
104,9.370205,-31.225992,0
105,16.231476,-62.711548,0
106,-20.8179,25.696356,-1
107,14.268184,-83.21498,3
108,-13.629548,-39.791313,0
109,-4.2465916,-32.7554,0
110,13.656689,-39.0616,0
111,-6.0974517,31.201296,-1
112,5.506278,12.16817,0
113,6.1118007,11.2138815,0
114,35.136017,14.649362,0
115,25.793724,3.3387895,0
116,26.130596,-48.274307,0
117,-5.4846716,-40.62824,0
118,20.437096,-42.65007,0
119,14.464375,-34.573513,0
120,20.551365,-43.6153,0
121,-4.1263785,-75.42466,0
122,-7.4796505,-16.297228,-1
123,-5.0499783,-31.41381,0
124,7.1093287,-26.876093,0
125,-22.132154,-20.414576,0
126,8.254961,14.258304,0
127,15.894278,-46.102303,0
128,10.316994,-65.86706,-1
129,2.400145,-65.62811,0
130,2.0631025,-23.6273,-1
131,-21.99546,-17.015865,0
132,-21.977196,-18.454592,0
133,-21.43614,-18.68155,0
134,-14.0487585,-0.52948225,0
135,-3.942775,-36.028904,0
136,-17.257269,-8.521993,0
137,7.432568,10.774121,0
138,-21.935125,30.777178,0
139,-29.754427,-18.29099,0
140,-8.136501,-17.193005,-1
141,-25.563042,-2.497609,-1
142,14.520858,-49.93462,0
143,34.643925,8.332607,0
144,13.207997,-39.170128,0
145,-16.394417,-32.617542,-1
146,-30.65792,-19.74523,0
147,10.100028,-38.739292,0
148,33.43671,8.151457,0
149,15.63364,-42.116886,0
150,10.230478,15.307143,-1
151,-5.19175,-4.1271496,0
152,-8.940567,-1.8632109,0
153,9.0173235,-42.971016,0
154,-21.893623,-22.657915,0
155,-6.4424405,-1.6300337,0
156,-8.107937,-68.27531,0
157,-4.592423,-3.9030416,0
158,-34.480682,-6.2268887,4
159,23.371954,-27.118334,0
160,25.7376,-59.958405,-1
161,-5.241778,-41.841503,0
162,-9.845102,-0.31460002,1
163,11.333973,-41.932526,0
164,13.182845,-30.605722,0
165,2.8551054,14.154877,0
166,2.3720806,14.516212,-1
167,4.0094256,-28.78147,0
168,15.374015,-38.981144,0
169,-14.651649,-40.65712,0
170,-17.969503,-41.160137,0
171,-14.800555,-47.88378,0
172,-23.915014,3.2244077,-1
173,-16.734755,-38.874733,0
174,0.70659065,-40.927505,0
175,16.228798,-43.84653,0
176,-15.868013,-35.805824,0
177,-4.548658,3.7309506,0
178,-18.986877,-41.243465,0
179,-16.595297,-40.895565,0
180,28.643171,4.722833,0
181,-8.431139,-3.423623,0
182,8.769799,-28.535572,0
183,-29.265436,-21.873413,0
184,-44.91714,32.195736,-1
185,-11.2160425,-42.798164,0
186,13.003461,-30.14144,0
187,-12.845283,-44.058266,0
188,-3.3706036,-31.810637,0
189,-15.274158,-39.94128,0
190,-31.629099,-41.37575,-1
191,14.19264,0.39636505,0
192,9.658358,-32.36902,0
193,-26.709276,39.68847,1
194,24.481655,75.16152,-1
195,-5.6096478,-32.755062,0
196,-3.9241347,55.61912,1
197,-16.418194,-45.907383,0
198,-20.920351,-46.957417,0
199,17.87753,7.0464125,-1
200,-1.3398262,-22.40271,-1
201,-6.395656,-71.66941,0
202,-20.593655,2.5468035,-1
203,8.688648,-36.195656,0
204,-5.4368215,-35.020298,0
205,-27.401562,-6.820518,-1
206,13.241326,-46.23613,0
207,17.18302,-48.458866,0
208,17.33863,-48.545914,0
209,-5.696502,-75.88712,0
210,-31.516943,39.154053,-1
211,-11.160528,34.267994,-1
212,8.073488,-43.91222,0
213,25.305645,-41.781612,0
214,8.552644,-44.17746,0
215,22.85638,-40.561607,0
216,10.244349,-44.176105,0
217,-20.989376,81.51656,1
218,-5.76217,-32.35015,0
219,20.922136,-36.839954,0
220,26.634598,-39.490166,0
221,22.096577,-34.907036,0
222,27.586323,-37.00934,0
223,26.686523,-33.69602,0
224,24.787344,-35.56963,0
225,-3.4689636,-71.490166,0
226,30.979916,-38.160877,0
227,26.164494,-37.25426,0
228,13.437328,-43.355446,0
229,24.614918,-37.084347,0
230,26.012335,-38.568707,0
231,25.71274,-34.713566,0
232,6.475398,-34.475483,0
233,27.621834,-38.733875,0
234,23.10029,-36.979034,0
235,23.733736,-35.923317,0
236,25.205992,-33.437794,0
237,28.526562,-36.05868,0
238,28.328289,-34.267426,0
239,24.767563,-38.221626,0
240,26.268297,-35.55215,0
241,28.50292,-37.76413,0
242,24.134573,-34.559704,0
243,21.158604,-38.908672,-1
244,24.234129,-39.449337,0
245,12.126555,-42.49122,0
246,24.878372,-39.7579,0
247,27.531603,-35.438694,0
248,7.4838643,-35.613804,0
249,25.563519,-36.262108,0
250,8.950661,-40.37457,0
251,13.209271,-42.13127,0
252,-17.811356,-45.91462,0
253,11.874817,-35.970963,-1
254,-5.5201325,-68.03636,0
255,28.487873,4.0677505,0
256,-5.394518,44.139053,1
257,-5.7593546,2.1908298,0
258,-13.036096,-11.7645855,0
259,-12.922434,-11.247483,0
260,3.5562634,23.009861,0
261,-33.09711,-26.25117,0
262,-26.178171,17.889816,0
263,1.1521106,-41.296593,0
264,-13.366991,2.4013221,0
265,-34.245045,-7.810885,4
266,-19.349123,43.872635,1
267,4.0821567,-75.43647,3
268,-14.0183325,49.84621,1
269,-14.385102,47.31988,1
270,5.229704,24.424156,0
271,5.593435,24.449633,0
272,-16.08812,50.486668,1
273,-17.162569,49.979763,1
274,-8.529531,49.094234,-1
275,-16.110321,48.466827,1
276,1.0348698,-88.76911,3
277,-6.648719,-28.637184,0
278,-23.961004,-31.261827,0
279,2.2743661,-24.439896,-1
280,-7.016803,-32.386517,0
281,-23.171967,34.834003,0
282,-12.599855,8.521547,0
283,-20.5704,44.790936,1
284,-9.104106,-32.203056,0
285,3.7643263,19.87904,0
286,-8.99288,-34.959286,0
287,-7.8582106,-6.034296,0
288,-6.2072396,-73.87149,0
289,-12.318954,-33.233868,0
290,-18.761978,5.4843197,0
291,-15.861854,3.722234,0
292,6.8430743,-32.80525,0
293,-6.0455375,-7.561878,0
294,8.253822,-30.929428,0
295,13.008706,19.784903,-1
296,-15.921315,-17.966433,0
297,-15.000653,-2.164136,0
298,6.644611,-10.911029,0
299,-6.8077908,-6.7405877,0
300,-6.6873035,-30.968176,0
301,-10.120873,-2.8157358,0
302,-32.789257,-20.090603,0
303,-16.964167,-4.4338303,0
304,-7.8793654,-30.881227,0
305,-33.756107,-18.143826,0
306,-16.928783,-3.0536106,0
307,-0.541288,-76.15559,0
308,-1.7020001,19.113722,0
309,51.48289,-59.102142,2
310,-7.832207,-70.302826,0
311,-37.678898,19.986092,0
312,-6.6730685,3.605515,0
313,-15.619431,19.173172,-1
314,-0.024452511,-75.359726,0
315,-16.141548,0.44039434,0
316,-26.073883,-1.0538632,0
317,23.153692,77.24594,-1
318,-2.0030372,-76.47314,0
319,-6.362277,3.1840365,0
320,-15.168878,-21.653648,0
321,-5.302672,-29.948889,0
322,-14.323408,48.84705,1
323,-15.723864,47.63388,1
324,-17.180624,48.925114,1
325,-15.238364,51.179142,1
326,-16.882494,51.370174,1
327,-12.0715885,-12.397901,0
328,10.838365,-27.3446,0
329,-5.9605355,-83.09679,0
330,-15.836518,45.138386,1
331,-13.185011,35.19299,-1
332,35.139076,15.112197,0
333,8.980172,-0.3722426,0
334,9.364391,0.045139946,-1
335,-19.140318,5.996953,-1
336,-26.029001,5.4013877,0
337,-25.411371,5.0502167,0
338,11.389462,-25.718225,0
339,-16.67826,-2.6021495,0
340,43.392593,3.3313682,0
341,17.299662,-20.04122,0
342,-1.143237,-78.14408,0
343,12.774988,-22.29473,0
344,14.613302,-23.766222,0
345,-24.504902,3.9196973,0
346,13.007969,-23.364994,0
347,-1.0634367,-17.83858,-1
348,12.338431,-24.969606,0
349,-7.738027,-69.669846,0
350,-7.9366384,43.09533,1
351,48.497997,-58.344658,2
352,-28.350761,-27.965,0
353,20.073624,20.961681,0
354,18.441961,24.53472,0
355,24.843811,27.65166,0
356,-20.831627,-25.271688,0
357,-22.42307,-27.69109,-1
358,-33.799423,-18.841072,0
359,-4.9722686,43.5923,1
360,-6.4085016,7.401326,0
361,-16.787882,-44.47032,0
362,-24.139606,33.700733,0
363,-15.565787,49.719345,1
364,-17.501438,52.19556,1
365,-14.035963,45.322857,1
366,-19.007795,48.56785,1
367,-12.437894,49.000134,1
368,-19.735222,45.087093,1
369,19.337107,75.85391,-1
370,21.783144,-102.490746,7
371,9.829055,-26.30513,0
372,-7.404704,19.371208,0
373,17.46328,37.070755,0
374,9.564138,-23.427431,-1
375,-26.712545,-26.387543,0
376,12.8081045,19.113058,-1
377,-18.031265,-0.27174205,0
378,-17.502874,-2.3242204,0
379,-28.025394,-18.692476,0
380,-9.172489,5.314655,0
381,40.343998,12.495349,0
382,-3.2327363,-69.45312,0
383,-10.322246,3.1781855,0
384,-4.1756816,-29.122177,0
385,48.967712,-57.58157,2
386,49.763638,-57.86233,2
387,-15.413331,5.1909103,0
388,-0.8667025,-82.250984,-1
389,-21.887026,0.7604902,-1
390,-3.9081683,-82.49578,0
391,-4.981827,-84.236206,0
392,-37.0906,8.673239,0
393,-7.980587,-73.08198,0
394,6.0419655,26.998005,0
395,13.422764,-24.178394,0
396,6.3897834,-30.634478,0
397,0.65555805,-78.26813,0
398,-20.140951,81.21309,1
399,-26.50939,18.458303,0
400,-52.876083,4.678272,-1
401,-8.77458,-71.31135,0
402,38.723045,4.979788,0
403,-2.2718232,-66.94152,0
404,-24.07945,34.15048,0
405,-18.503735,47.482555,1
406,-20.438107,44.03144,1
407,-17.71125,46.04558,1
408,10.167575,-25.683825,0
409,21.048355,20.464523,0
410,31.681543,26.39788,0
411,-20.586945,82.469765,1
412,6.767239,28.225931,0
413,0.1960467,-88.97805,3
414,-25.660643,-25.6419,0
415,51.626972,9.215038,0
416,22.963001,76.0,-1
417,12.923371,18.314608,-1
418,0.16651109,-12.354133,0
419,6.5311227,12.653132,0
420,-35.135094,-19.536028,0
421,40.066254,12.788761,0
422,-3.6605818,-80.646255,0
423,-28.801537,-30.490227,2
424,-2.367286,-80.533356,0
425,-40.82709,1.7481829,0
426,17.527431,33.20627,0
427,-19.940067,-6.491861,-1
428,17.660418,17.942003,0
429,22.766136,11.494851,-1
430,-36.779335,8.448026,0
431,37.94008,7.763462,-1
432,-16.332308,1.9666436,0
433,18.655735,18.3943,0
434,-19.893688,-25.435177,0
435,17.641613,24.226068,0
436,14.668005,27.019985,0
437,24.313622,27.387598,0
438,-25.581646,9.538521,0
439,-4.5319247,-66.83869,0
440,42.769478,4.4752903,0
441,15.154533,30.692766,0
442,-26.749283,9.223522,0
443,-27.761894,9.070983,-1
444,41.79759,4.121258,0
445,-16.30429,-24.053667,0
446,-55.208496,-3.5939806,-1
447,10.243569,26.584665,0
448,22.789576,19.241198,0
449,18.96438,15.570308,0
450,3.0560849,18.293314,0
451,4.4873285,22.76675,0
452,-19.70969,-20.254744,0
453,14.091401,18.266525,-1
454,-5.1121264,-70.59623,0
455,-9.913642,-80.67299,0
456,-9.795794,-79.36894,0
457,-10.134144,-79.63517,0
458,-47.189156,-3.3164043,0
459,34.22958,11.417901,0
460,18.379992,30.947046,0
461,-27.408958,40.64627,1
462,-18.0374,-26.845457,0
463,6.8880982,20.481846,0
464,-1.0603117,-10.653008,0
465,5.4092865,33.87957,0
466,7.108891,21.902872,0
467,-1.6779166,2.1062129,-1
468,-9.568691,7.4281445,0
469,-10.758801,5.1899066,0
470,17.947342,9.27695,-1
471,-14.026824,7.2716517,0
472,-6.7666526,6.643423,0
473,50.750965,10.480568,0
474,0.33309817,-69.2036,0
475,-15.915123,-69.08723,0
476,7.0874224,-37.475536,-1
477,-7.3539143,-74.69847,0
478,24.72327,20.545782,0
479,34.32321,13.423493,0
480,8.124152,23.556128,0
481,32.176163,26.383314,-1
482,3.7834744,19.411276,0
483,3.9288805,21.185024,0
484,0.56056255,22.569359,0
485,-23.329779,32.974346,0
486,-14.02881,-18.367958,-1
487,-7.1055956,21.753084,-1
488,-10.085452,19.665768,0
489,-15.082864,-4.008944,0
490,5.5643063,14.136935,0
491,14.131241,19.173334,-1
492,-7.821043,20.533535,0
493,2.0059109,20.529764,0
494,39.358307,12.012301,0
495,37.076027,0.09850966,0
496,-7.9329004,40.680264,1
497,-4.817821,-73.44787,0
498,0.35233065,9.818468,-1
499,-1.0237194,-18.280762,-1
500,-7.970395,-34.280342,0
501,-8.023463,-76.656334,0
502,-20.706316,-12.205177,0
503,19.326279,20.101618,0
504,18.447897,25.309011,0
505,-18.724642,-25.704891,0
506,17.968235,9.578582,0
507,3.2039518,-71.29459,0
508,3.3000078,-71.34107,0
509,-55.11798,-3.053724,-1
510,5.4922433,33.88431,0
511,7.061793,-21.377073,-1
512,6.5862517,-20.159798,-1
513,7.1620445,-22.194593,0
514,-3.5049093,-79.18404,0
515,-1.5212934,-79.35046,0
516,25.465715,-4.6320877,-1
517,-15.188162,8.856478,0
518,-13.461564,14.047257,-1
519,-13.167124,-7.280376,-1
520,-40.561794,-2.3992836,-1
521,-2.0131152,-73.96953,0
522,6.817564,-18.87321,-1
523,-17.754072,24.638372,1
524,-4.964733,51.396397,1
525,2.6492815,4.071032,-1
526,-33.020195,-27.686285,0
527,1.8325334,-14.782227,0
528,-0.13011356,-73.44057,0
529,0.5297175,-74.526405,0
530,4.5933237,30.103014,0
531,24.0919,14.684112,-1
532,-10.018628,43.150066,1
533,-5.3969727,-0.38669148,0
534,4.4210424,27.965206,0
535,-3.024649,-35.230232,0
536,-2.052947,21.536335,-1
537,22.496187,7.276255,0
538,-0.6770551,30.992657,0
539,3.4839385,4.96223,0
540,-29.346771,-18.3273,0
541,-7.0253015,-1.961574,0
542,-20.08598,-15.4510565,0
543,-25.053082,-4.028693,0
544,-4.4434566,-18.381552,0
545,-37.558636,15.506125,0
546,-0.43869516,30.811989,0
547,6.264806,7.716335,0
548,-2.1229491,-34.73323,0
549,-38.307808,-16.817823,0
550,-26.844023,17.601082,0
551,-31.354223,-17.656376,0
552,1.4977632,29.498497,0
553,-6.4679327,-33.511906,0
554,3.2993023,7.042799,0
555,-2.193912,-34.098354,0
556,-9.650006,-9.901479,-1
557,-4.308769,8.252401,0
558,-17.740091,-21.116995,0
559,-5.823797,-79.77696,0
560,-7.4153237,-78.0631,0
561,-6.0375175,-79.03219,0
562,3.3622694,-12.482961,0
563,-11.5965395,7.3073783,0
564,0.60982865,-10.024401,0
565,-19.005533,-14.598273,-1
566,-23.35309,-14.572446,0
567,24.487226,17.35493,0
568,42.64321,2.9546225,0
569,4.6651444,-0.9596226,-1
570,-13.624092,4.126022,0
571,31.578777,-70.94995,0
572,24.955215,13.823209,-1
573,2.2039149,2.5385647,-1
574,24.516993,15.678851,-1
575,-7.9537554,-63.76505,0
576,-18.10285,2.3006132,0
577,-9.98461,-17.990534,-1
578,-19.949554,-30.941584,0
579,-17.569456,-68.17523,0
580,31.686052,2.7903867,0
581,-16.980133,-5.7971177,0
582,-10.010385,-19.37435,-1
583,-10.792456,-21.860563,-1
584,-11.759325,-18.180946,-1
585,-18.157621,-13.088653,0
586,-13.562999,-20.255938,0
587,-17.249031,-13.910485,0
588,3.55147,-18.807108,-1
589,-39.29393,-19.358376,0
590,-9.052306,-20.081024,-1
591,-38.93842,-18.848026,0
592,-17.458004,-17.39466,0
593,-26.718103,-30.824665,-1
594,-15.9246435,-69.9667,0
595,-17.99188,60.67117,1
596,-25.506618,-21.961899,0
597,2.8340008,10.076567,-1
598,-4.630255,-19.369946,0
599,5.8094864,-18.042496,-1
600,-9.268296,-29.401308,0
601,-16.794134,-30.319365,0
602,-15.686451,28.216473,-1
603,7.2408004,-17.083395,-1
604,-15.16359,28.045084,-1
605,-42.181156,4.5626326,0
606,-12.418632,-16.104158,-1
607,-16.65696,-69.64107,0
608,-17.23612,-20.029291,0
609,-20.11326,10.2624655,0
610,-32.65247,-13.060646,0
611,-23.032629,-30.596533,0
612,-32.742973,-13.125004,0
613,-10.655624,-20.13933,-1
614,-15.663802,-20.42211,0
615,-7.5130873,39.640385,1
616,-18.84811,-3.1442184,0
617,4.3143973,-33.198425,-1
618,-7.75203,48.901287,-1
619,-41.187637,-20.276735,-1
620,-29.543406,-20.939322,0
621,-14.006754,-29.856897,0
622,-20.29562,12.216805,-1
623,-25.421162,33.759224,0
624,-54.22486,4.6263576,-1
625,0.78963614,6.2718673,0
626,-14.3714075,-12.739138,-1
627,-26.54736,27.186834,0
628,44.588295,2.9891615,0
629,-25.401192,30.419197,0
630,-3.58476,-15.166748,-1
631,-22.739674,23.212349,0
632,-3.5722895,-14.066159,0
633,-23.279184,30.756622,0
634,-5.4348063,-12.770031,-1
635,-6.7785573,-13.782021,-1
636,-5.5207996,-40.487976,0
637,46.694077,5.473323,0
638,-7.4639435,-16.1198,-1
639,-17.416882,-8.643151,0
640,-22.12989,22.748844,0
641,34.175957,10.217988,0
642,-11.313143,-16.182848,-1
643,9.312608,-52.436474,0
644,50.43039,25.06309,0
645,-7.3982344,38.28495,-1
646,-9.648196,-9.878388,-1
647,-12.043832,2.0553,-1
648,24.457981,-2.5626981,-1
649,1.5768152,-13.367744,0
650,3.80923,10.259216,0
651,24.116756,-3.092528,0
652,3.4595509,-11.742129,0
653,-24.772263,-18.359661,0
654,-10.603317,-15.173586,-1
655,8.01411,5.5985746,0
656,22.619293,18.23171,0
657,-46.442554,-31.810276,2
658,-47.50762,-32.84257,2
659,-19.189648,-21.662825,0
660,-37.49104,42.171467,-1
661,-47.50762,-32.84257,2
662,-23.487465,-18.74279,0
663,-23.279915,-25.250986,0
664,17.483002,-35.505943,-1
665,-10.062351,42.137615,-1
666,-50.02534,-33.277126,2
667,-48.999046,-33.510838,2
668,17.285553,-33.32414,-1
669,-16.91674,4.0316067,0
670,-29.229923,-30.957214,2
671,-40.11116,-16.667263,0
672,-24.630215,-35.00593,-1
673,-24.501978,27.069685,0
674,28.807085,-65.24652,0
675,10.109547,-59.700138,0
676,5.758984,-42.037735,0
677,-5.926219,-59.022385,0
678,4.7028966,-14.016749,0
679,6.255775,-13.125338,0
680,9.328094,-13.025899,0
681,-33.127693,-25.706625,0
682,48.657665,-18.879229,0
683,-50.24427,46.110294,4
684,18.842377,-3.3867426,-1
685,-29.99128,24.231926,-1
686,-30.99983,25.41493,-1
687,22.183317,-3.3604107,0
688,-18.179691,-43.570652,0
689,42.341763,-33.016357,0
690,-52.918926,19.198957,0
691,39.73653,23.025015,0
692,25.929394,-5.429909,0
693,-48.123024,-31.241018,2
694,6.6897206,19.799122,-1
695,-28.519133,40.302837,1
696,15.149822,-6.787156,-1
697,-18.153141,65.82771,1
698,-56.769398,23.750713,0
699,42.041523,5.484544,0
700,-16.995777,14.689131,-1
701,10.010009,-50.923653,0
702,-48.694916,-32.193615,2
703,-42.414707,9.89205,0
704,-51.11566,-32.279346,2
705,-3.3732939,59.748547,1
706,-54.149483,21.784365,0
707,-38.14562,4.7013354,0
708,-53.012943,17.827957,0
709,16.610476,-24.791397,0
710,11.241442,19.450586,-1
711,-45.308968,29.456812,-1
712,6.750964,-11.105234,0
713,-31.136568,25.702095,-1
714,-41.293755,3.6958177,0
715,-38.40005,7.6010656,0
716,-8.084995,2.3444898,0
717,-38.041313,19.42006,0
718,7.5181427,-28.20418,0
719,39.713985,23.036802,0
720,-2.9393718,42.761993,1
721,7.5605955,3.5362995,0
722,-53.097897,19.648571,0
723,-41.907524,14.803457,0
724,22.56688,64.31685,0
725,49.15065,-58.93445,2
726,-21.129522,-3.514549,0
727,-49.3813,-30.960293,2
728,-9.982534,31.519587,-1
729,37.9663,-13.600354,0
730,-40.723484,9.734332,0
731,-37.98411,13.738614,0
732,24.29053,-9.738828,0
733,-25.660643,-25.6419,0
734,22.01044,64.12145,0
735,50.089077,-58.872517,2
736,-40.576794,4.659881,0
737,-39.659096,15.057711,0
738,-50.643368,-31.084656,2
739,-4.4510984,6.6534915,0
740,6.30942,44.651703,1
741,-39.60615,16.869934,0
742,26.098473,-7.1706266,0
743,50.486496,-60.21974,2
744,-0.07209836,18.288595,0
745,21.910322,64.87832,0
746,-24.092415,-9.204895,0
747,-11.658684,-77.89433,0
748,-49.90883,-32.07057,2
749,-37.00168,17.0282,0
750,-39.038586,4.686054,0
751,8.142142,17.72608,-1
752,33.633503,-0.846329,0
753,-1.6042433,1.7130225,0
754,-40.340908,14.144703,0
755,-15.898916,-29.206573,0
756,-19.939606,-17.923223,0
757,38.6992,-67.41916,3
758,28.933521,37.76274,0
759,-48.036194,-11.00858,-1
760,29.039263,-21.959606,0
761,11.270091,-83.39575,3
762,-24.764833,56.364414,1
763,57.400517,-30.400593,5
764,17.636667,-81.73594,3
765,-10.910283,46.5186,1
766,-34.54545,42.785057,4
767,16.939232,-89.05395,3
768,64.87835,3.963035,-1
769,61.541565,-16.688078,2
770,-10.288512,51.685207,1
771,-15.342479,42.004883,1
772,-40.412117,-8.128736,4
773,-15.21544,-53.481426,-1
774,8.011218,-90.07523,3
775,12.091151,-85.953285,3
776,-11.135206,-51.75807,-1
777,60.19385,-40.943905,-1
778,-14.523053,-81.77751,0
779,-45.23346,11.392742,0
780,62.210712,-21.892458,2
781,-30.246248,46.117622,1
782,62.446316,-37.021484,5
783,10.553142,-75.012596,3
784,60.725376,-11.956967,2
785,61.642246,-16.441656,2
786,64.899055,-11.015268,2
787,63.531555,-22.248951,2
788,63.96108,-18.251198,2
789,54.520844,-7.055268,2
790,1.1067195,-5.686656,-1
791,-14.220591,79.14165,1
792,34.357338,2.0539331,0
793,67.68708,-17.192385,2
794,63.884396,-16.1264,2
795,57.10123,-16.58043,2
796,4.657646,83.21962,2
797,14.35808,92.04178,2
798,16.318243,85.89873,2
799,-1.1166632,93.699844,2
800,-23.618116,93.238495,1
801,10.202045,88.31495,2
802,48.30821,25.615711,0
803,27.474234,-49.341415,0
804,3.8468902,89.97048,2
805,1.4315383,96.36363,2
806,1.2125411,97.00234,2
807,53.660286,-4.7869234,2
808,-1.3857689,97.91815,2
809,19.270836,-8.638757,0
810,42.11754,-34.64955,0
811,29.039263,-21.959606,0
812,57.67085,-39.019196,0
813,60.06305,-12.295666,2
814,58.042114,-30.651169,5
815,-10.91046,46.517933,1
816,64.899055,-11.015268,2
817,42.36751,-37.817455,0
818,-27.887163,-5.6092873,-1
819,-40.412117,-8.128736,4
820,40.756477,-38.33245,0
821,41.804092,-37.909428,0
822,56.71875,-38.752052,0
823,-11.135206,-51.75807,-1
824,60.194996,-40.94377,-1
825,70.86575,-27.716858,5
826,62.210712,-21.892458,2
827,66.48346,-32.944023,5
828,62.446316,-37.021484,5
829,1.0551023,-47.88661,0
830,56.090946,-34.694244,0
831,66.574165,-31.348492,5
832,-36.833065,-6.514281,4
833,64.976616,-37.869244,5
834,28.479744,-2.6305962,0
835,21.887802,32.955063,0
836,-14.220591,79.14165,1
837,30.572094,39.52541,0
838,27.091227,33.97681,0
839,33.79713,40.360226,-1
840,-10.813166,8.768291,0
841,43.046726,41.81494,0
842,13.532735,-61.33792,-1
843,7.7810655,88.37851,2
844,24.396383,30.758684,0
845,21.490988,35.00259,0
846,-5.84642,88.12933,2
847,-8.105009,88.04693,2
848,16.121487,52.40273,6
849,-24.823706,67.69915,1
850,-6.0761566,86.20162,2
851,15.751264,51.61928,6
852,26.471483,6.6198635,0
853,-7.0268226,87.80613,2
854,15.236414,37.443047,0
855,-1.8181192,23.028051,-1
856,26.699022,28.858797,0
857,-6.925073,84.14175,2
858,29.302008,38.720665,0
859,-59.60592,33.913082,-1
860,-56.080833,35.041653,-1
861,46.22211,-2.8757403,0
862,36.946716,-15.054005,0
863,48.549095,5.500325,0
864,-42.6112,39.112576,0
865,40.934265,-5.1727514,0
866,56.618793,-15.743687,2
867,-0.3033197,80.36389,-1
868,6.570009,43.143658,1
869,16.318243,85.89873,2
870,41.87003,10.582836,0
871,29.92627,8.776079,0
872,-23.618116,93.238495,1
873,32.37459,7.619916,0
874,32.255375,5.434218,0
875,33.395264,5.745552,0
876,43.880924,6.5742908,0
877,11.864015,-5.4767585,0
878,28.371244,2.624454,0
879,4.748679,92.422295,2
880,48.117992,10.7129345,0
881,28.453808,-3.863313,-1
882,9.798176,-47.3815,0
883,46.843063,18.487226,0
884,41.87003,10.582836,0
885,-24.044846,88.08266,1
886,18.804333,21.88155,0
887,46.21395,28.960346,-1
888,45.31016,29.141449,6
889,47.32462,29.510063,0
890,23.633377,56.52929,-1
891,10.139078,30.70444,0
892,27.203268,55.961166,-1
893,-37.250114,-24.584414,0
894,6.3556194,54.879417,1
895,0.25234908,33.877823,1
896,17.982523,29.94672,0
897,-15.934214,71.68291,0
898,12.5466175,21.87105,-1
899,10.495443,26.821505,0
900,10.834168,30.226416,0
901,9.054915,-54.007004,0
902,31.168062,-39.00042,0
903,-18.707426,-47.225334,0
904,5.6948457,-59.44206,-1
905,-20.278946,-39.695305,0
906,0.81841487,-1.194869,0
907,48.549095,5.500325,0
908,-42.087456,39.55651,0
909,-7.6364126,57.534206,1
910,18.024027,-79.510155,3
911,51.582718,11.08537,0
912,52.9762,12.378285,0
913,51.168842,8.93342,0
914,42.849205,1.0484763,0
915,11.417176,-83.11869,3
916,16.939232,-89.05395,3
917,8.011218,-90.07523,3
918,12.091151,-85.953285,3
919,0.95219904,-92.2095,3
920,6.594358,-91.291405,3
921,-14.523053,-81.77751,0
922,63.531555,-22.248951,2
923,10.55299,-75.0149,3
924,7.3658376,-88.09392,3
925,5.6535006,-85.91395,3
926,11.265311,-80.28859,3
927,1.3079175,-98.81595,3
928,2.5450637,-95.96347,3
929,0.8496997,-96.48319,3
930,8.0826025,-78.76536,0
931,9.466332,-82.83582,3
932,0.27478325,-97.33653,3
933,22.427574,-74.67827,3
934,22.055119,-84.24533,3
935,1.3878287,-93.79839,3
936,-9.693467,-74.5883,0
937,3.1438525,-94.39395,3
938,3.138652,-97.54457,3
939,14.929959,-57.572247,0
940,-48.655056,-11.323435,-1
941,-24.480457,44.79395,1
942,60.080082,-11.532795,2
943,-28.692474,45.652946,1
944,-24.76643,56.342373,1
945,2.7077332,55.95184,1
946,58.042114,-30.651169,5
947,-34.54586,42.784466,4
948,64.87835,3.963035,-1
949,-9.832651,52.18188,1
950,-15.854449,41.640293,1
951,64.899055,-11.015268,2
952,-59.60592,33.913082,-1
953,-56.080883,35.041637,-1
954,-15.21544,-53.481426,-1
955,-3.686435,-9.744525,-1
956,-34.513523,34.980453,-1
957,-11.135206,-51.75807,-1
958,70.86575,-27.716858,5
959,-45.23346,11.392742,0
960,63.531555,-22.248951,2
961,66.48346,-32.944023,5
962,-30.246956,46.117565,1
963,-30.986319,43.964233,1
964,-3.2584221,-25.043238,-1
965,19.270836,-8.638757,0
966,-22.662111,83.952965,1
967,-52.50359,3.1961746,-1
968,-28.276121,13.437462,1
969,62.210712,-21.892458,2
970,-14.220591,79.14165,1
971,67.68708,-17.192385,2
972,57.989407,-15.865593,2
973,14.563896,92.72191,2
974,16.318243,85.89873,2
975,41.87003,10.582836,0
976,29.92627,8.776079,0
977,-0.9665439,94.66537,2
978,-22.871202,86.40467,1
979,-17.830572,85.122444,1
980,-23.618116,93.238495,1
981,-6.9478865,-36.396038,0
982,-31.882185,12.38113,-1
983,8.738469,90.558014,2
984,6.2353053,97.4911,2
985,-15.359372,-42.22249,0
986,23.62388,78.62667,-1
987,-2.8433185,94.39534,2
988,-35.586147,55.35101,1
989,-52.570866,4.0741434,-1
990,-5.6157207,65.42321,1
991,-33.53338,6.5654716,0
992,27.490412,25.950106,0
993,-33.42349,-38.3221,0
994,-20.260803,9.335684,0
995,-10.717937,-48.61704,-1
996,-31.763132,-41.214806,-1
997,-33.244312,-39.20674,0
998,-24.446442,70.188736,1
999,-67.65867,3.3191764,0
1000,-68.14563,2.6421633,0
1001,31.33866,-28.356333,0
1002,-59.399765,11.145626,-1
1003,-69.394516,3.2950714,0
1004,29.706776,-32.107643,0
1005,-68.5394,2.686125,0
1006,28.587961,46.899208,0
1007,-22.445105,14.882722,-1
1008,-68.804054,4.7701635,0
1009,-17.600412,11.069179,-1
1010,-14.523053,-81.77751,0
1011,36.685318,-44.041943,-1
1012,-22.204996,-0.38768795,-1
1013,31.33866,-28.356333,0
1014,-59.399765,11.145626,-1
1015,22.360031,-89.038765,3
1016,-30.474941,8.332539,-1
1017,26.709248,-90.02201,3
1018,2.708845,91.28928,2
1019,8.364076,-64.21983,3
1020,27.41999,-88.77219,3
1021,-19.718147,-36.103977,0
1022,-17.987417,-35.312054,-1
1023,5.160316,-74.957664,3
1024,-48.655056,-11.323435,-1
1025,10.139078,30.70444,0
1026,3.9048264,-85.18204,3
1027,47.993866,-20.389864,0
1028,-54.1803,49.514473,4
1029,11.608854,-9.574243,0
1030,-6.146267,64.97189,1
1031,6.981163,-5.8121595,0
1032,31.921339,-79.37317,0
1033,-45.746613,53.595203,4
1034,-36.161083,-1.3996134,4
1035,-55.731888,-5.099431,3
1036,-9.047649,-5.637924,0
1037,-6.247249,-4.4496613,0
1038,14.632083,0.65498286,0
1039,-2.8935108,-1.4023206,0
1040,-28.216536,49.16633,1
1041,-34.07864,55.589745,1
1042,33.089203,48.995483,0
1043,20.392336,41.85377,0
1044,27.678867,46.372425,0
1045,-32.431812,6.2420535,0
1046,42.602444,-32.135998,0
1047,50.14836,-19.92759,0
1048,23.126318,-21.302011,0
1049,-23.618116,93.238495,1
1050,20.45652,76.210884,-1
1051,33.691776,-15.639489,0
1052,-16.164295,56.594475,1
1053,4.294624,-1.138313,0
1054,18.590813,75.838005,-1
1055,44.572372,15.7893505,-1
1056,-7.5017133,85.37432,2
1057,-11.920003,55.14674,-1
1058,-31.907997,56.527065,1
1059,-21.900215,53.0574,1
1060,-14.847099,22.529089,0
1061,-20.546051,74.25782,1
1062,-47.32073,-3.310266,-1
1063,-7.427114,89.209724,2
1064,21.377398,75.41675,-1
1065,-16.9939,82.94575,1
1066,-3.6458383,96.24192,2
1067,3.3509927,-20.758284,-1
1068,36.300884,10.604429,0
1069,-23.625124,6.633894,0
1070,37.537155,4.8934016,0
1071,18.613947,13.975232,0
1072,-22.237658,39.321358,0
1073,44.206966,35.007034,6
1074,5.330358,4.8231025,0
1075,19.270836,-8.638757,0
1076,-24.478434,44.795586,1
1077,23.633377,56.52929,-1
1078,-10.513883,52.31898,1
1079,-15.227855,41.349117,1
1080,64.899055,-11.015268,2
1081,-34.513523,34.980453,-1
1082,-11.135206,-51.75807,-1
1083,-24.086567,49.494373,-1
1084,-4.897237,-11.106882,-1
1085,-2.315514,-6.8973255,-1
1086,19.932888,-13.391613,0
1087,-12.674078,-48.234024,-1
1088,13.427281,-53.9762,0
1089,1.898762,-5.4516335,-1
1090,-35.34754,71.39014,-1
1091,2.5256805,49.66904,1
1092,-20.384779,20.871468,-1
1093,0.23788019,63.549248,1
1094,-5.3529477,53.922916,1
1095,27.203268,55.961166,-1
1096,-35.36451,65.988464,1
1097,-37.250114,-24.584414,0
1098,-35.404243,29.667246,-1
1099,30.17879,-43.378338,0
1100,36.63281,-30.366978,0
1101,36.781754,-30.01703,-1
1102,-14.057144,-36.292152,-1
1103,25.867975,-54.921062,0
1104,25.636444,-29.028217,0
1105,-49.334137,-18.964294,1
1106,63.96108,-18.251198,2
1107,-9.769172,-25.52507,0
1108,1.0551023,-47.88661,0
1109,64.976616,-37.869244,5
1110,2.5450637,-95.96347,3
1111,68.07312,-37.972042,5
1112,-32.857162,-2.1388245,4
1113,8.0826025,-78.76536,0
1114,9.466332,-82.83582,3
1115,53.83062,-7.176867,2
1116,22.427574,-74.67827,3
1117,3.9048264,-85.18204,3
1118,1.3463514,-6.4839206,-1
1119,8.194522,58.77645,1
1120,22.055119,-84.24533,3
1121,-9.69387,-74.5882,0
1122,14.931363,-57.57224,0
1123,5.6562023,-53.932,0
1124,17.81504,-76.23697,3
1125,57.680294,-25.70911,0
1126,-43.061234,28.210762,-1
1127,14.75449,-85.00741,3
1128,30.849188,-56.26651,0
1129,2.4416523,-99.76263,3
1130,21.943449,-51.55157,0
1131,26.770735,-44.330128,0
1132,13.808653,-89.04943,3
1133,-26.845495,3.003706,0
1134,69.96025,-39.347378,5
1135,40.54317,-58.472084,-1
1136,-4.913815,14.263137,-1
1137,-35.404243,29.667246,-1
1138,28.332735,-86.9671,3
1139,35.720013,-53.77372,0
1140,15.781876,-60.67779,0
1141,19.186235,-18.061443,0
1142,17.105648,-61.258457,0
1143,67.68708,-17.192385,2
1144,10.641439,8.035464,-1
1145,-31.706245,17.259552,-1
1146,36.058598,-15.252803,0
1147,24.697393,-80.5723,3
1148,-40.127197,58.891846,1
1149,25.417418,-49.790577,0
1150,-44.982483,48.308918,4
1151,19.716455,-50.51542,0
1152,-0.8194667,55.966793,1
1153,22.254747,-54.874775,0
1154,26.252392,-51.135117,0
1155,57.989407,-15.865593,2
1156,25.313608,-58.54796,-1
1157,21.540531,-98.54932,7
1158,7.2146435,66.91022,1
1159,18.16675,-85.52679,3
1160,20.271883,-88.26547,3
1161,43.098045,-25.557192,0
1162,14.568556,60.337944,0
1163,-14.293779,61.642708,1
1164,-10.640691,67.18067,1
1165,-11.018882,62.709217,1
1166,0.24352108,-54.082977,0
1167,20.119059,-45.79201,0
1168,15.339248,-80.061134,3
1169,16.768911,-52.794937,0
1170,-1.2224271,52.08947,1
1171,8.093077,-92.12803,3
1172,18.798721,-57.0172,0
1173,26.718544,-15.189363,0
1174,-6.5110507,72.8158,1
1175,9.565253,-91.15353,3
1176,16.077251,87.17729,2
1177,62.40057,-34.061756,5
1178,-39.77665,25.108383,-1
1179,14.402041,-14.70729,-1
1180,31.262543,-79.28497,0
1181,3.1485004,-80.43886,0
1182,35.236435,-46.048534,0
1183,11.573218,-16.93249,-1
1184,-29.904957,-3.9735522,4
1185,15.564955,-27.884947,0
1186,-14.731526,-75.89289,0
1187,45.860043,-13.651584,0
1188,29.247372,9.713938,0
1189,-52.460316,22.89786,0
1190,-54.22436,23.714125,0
1191,43.63932,-50.85953,5
1192,-43.477097,17.29861,0
1193,-0.9665439,94.66537,2
1194,26.999298,-52.280655,0
1195,-4.498355,-50.53779,0
1196,18.320889,-70.01624,-1
1197,10.672153,-66.63686,3
1198,10.202045,88.31495,2
1199,61.78904,-13.973426,2
1200,58.52768,-17.854965,2
1201,-33.618843,-0.2201024,4
1202,56.648335,-11.171857,2
1203,4.467769,93.421745,2
1204,9.375361,91.56486,2
1205,0.14537905,91.871895,2
1206,6.3897567,88.97428,2
1207,-50.51175,6.47821,-1
1208,-51.860073,2.7533572,-1
1209,10.766017,95.1703,2
1210,2.7180197,94.80964,2
1211,7.541465,87.51338,2
1212,-4.5576477,92.602486,2
1213,-11.888022,82.90826,-1
1214,-26.825335,20.134619,0
1215,8.588806,95.599434,2
1216,9.162274,86.41253,2
1217,-22.07906,86.72724,1
1218,-2.0929406,89.81969,-1
1219,10.361599,96.752106,2
1220,6.8599763,-38.82211,0
1221,56.368313,-12.646651,2
1222,8.032341,94.01627,2
1223,6.977789,94.6449,2
1224,54.24316,-15.268775,2
1225,10.3385725,90.8737,2
1226,14.096794,86.444244,2
1227,65.23866,-36.360172,5
1228,68.07312,-37.972042,5
1229,-32.857162,-2.1388245,4
1230,66.79532,-39.376038,5
1231,-38.66984,-5.1026435,4
1232,-27.726995,-12.620044,0
1233,-35.34754,71.39014,-1
1234,57.680294,-25.70911,-1
1235,70.339195,-35.92596,5
1236,-35.36451,65.988464,1
1237,21.943449,-51.55157,0
1238,-37.250114,-24.584414,0
1239,-27.52429,2.8433077,0
1240,47.993866,-20.389864,0
1241,-4.913815,14.263137,-1
1242,70.43946,-38.67398,5
1243,68.78089,-33.98302,5
1244,-4.0720005,13.055447,-1
1245,58.11573,-37.218246,0
1246,67.68708,-17.192385,2
1247,-30.512627,-7.235701,0
1248,65.0063,-34.591118,5
1249,36.058598,-15.252803,0
1250,25.417418,-49.790577,0
1251,-29.46637,-10.760679,0
1252,-35.744648,-10.182607,4
1253,55.808178,-42.410164,0
1254,19.716455,-50.51542,0
1255,0.4428544,56.538933,1
1256,-0.38341984,55.342064,1
1257,6.4693084,54.158802,1
1258,22.254747,-54.874775,0
1259,43.434494,-43.358395,0
1260,57.888706,-14.727242,2
1261,44.820114,-39.842243,2
1262,-31.338043,0.5970896,4
1263,43.582172,-43.27178,0
1264,19.682865,-30.5733,0
1265,67.355865,-36.14657,5
1266,11.608854,-9.574243,0
1267,43.098045,-25.557192,0
1268,0.24352108,-54.082977,0
1269,-7.7106233,-47.97799,0
1270,20.787981,-45.722614,0
1271,-0.34030202,-27.8224,-1
1272,6.981163,-5.8121595,0
1273,15.836369,-80.42771,3
1274,16.768911,-52.794937,0
1275,18.514786,-57.656273,0
1276,71.35773,-33.356037,5
1277,26.718544,-15.189363,0
1278,0.8678476,-30.960041,-1
1279,17.569708,86.07787,2
1280,62.61535,-33.365967,5
1281,51.1541,-34.977764,0
1282,64.33182,-29.98188,5
1283,35.236435,-46.048534,0
1284,-29.9084,-3.981364,4
1285,51.82545,-30.001986,0
1286,-38.00551,-9.940815,4
1287,46.525475,-13.824463,0
1288,13.457421,-4.368589,0
1289,62.05257,-26.822996,5
1290,26.62557,-52.408287,0
1291,36.306217,-22.736023,-1
1292,-4.498355,-50.53779,0
1293,36.572083,-24.80184,-1
1294,65.3875,-41.543736,5
1295,-11.778447,-67.87917,0
1296,19.474552,50.502666,6
1297,-8.982899,87.32552,2
1298,-28.350855,58.93683,1
1299,-21.00183,6.178567,0
1300,9.25815,24.007269,0
1301,15.245041,5.205925,0
1302,-14.924939,69.25745,0
1303,-5.1094646,18.6218,0
1304,-8.968825,26.844086,-1
1305,23.3877,36.61654,0
1306,14.7661,36.193718,0
1307,10.3567295,23.68562,0
1308,6.199566,90.816185,2
1309,16.14881,39.83125,0
1310,13.600511,36.53091,0
1311,12.617561,38.90692,0
1312,-8.331592,86.08844,2
1313,22.314592,27.576986,0
1314,22.481874,35.161957,0
1315,-23.50897,67.410805,1
1316,-8.894901,84.42371,2
1317,-24.166561,68.652,1
1318,30.822987,37.895954,-1
1319,-7.105877,86.54653,2
1320,34.277477,39.98314,-1
1321,16.439636,36.693707,0
1322,16.766224,51.87205,6
1323,9.512405,80.82739,2
1324,-15.941003,56.340816,1
1325,-2.7472816,84.29366,2
1326,9.04679,-18.711313,-1
1327,30.939665,35.976532,-1
1328,16.212795,37.585907,0
1329,18.530058,35.03413,0
1330,6.959697,91.147835,2
1331,21.602226,23.153723,0
1332,-5.060896,87.25919,2
1333,-4.670406,83.622635,2
1334,22.82263,27.790554,0
1335,27.540688,39.52602,0
1336,-3.7460213,86.08865,2
1337,27.494411,39.800716,0
1338,-22.055725,67.787,1
1339,-3.9483328,84.94721,2
1340,-11.1909,22.537096,1
1341,-5.371144,85.466064,2
1342,15.334273,50.41962,6
1343,-7.078525,91.51418,2
1344,-20.928787,85.934044,1
1345,17.200659,48.548443,6
1346,19.48182,39.397926,0
1347,40.00584,43.23237,0
1348,18.747992,31.442558,0
1349,8.187615,89.45824,2
1350,19.322454,37.03784,0
1351,-4.8366656,60.754066,-1
1352,5.2053704,17.525866,0
1353,-3.8239472,18.87978,-1
1354,15.678971,5.90196,-1
1355,22.275633,38.733257,0
1356,22.176575,38.001183,0
1357,-4.677779,88.772644,2
1358,26.41795,28.256224,0
1359,40.293377,43.221107,0
1360,-12.303994,6.0969424,0
1361,-3.352804,87.54027,2
1362,1.7592782,38.403927,4
1363,-11.7011385,23.61535,1
1364,-17.12017,44.07054,1
1365,-6.0645604,89.37879,2
1366,39.59519,32.661636,-1
1367,15.878317,47.281822,6
1368,-4.9462934,90.59907,2
1369,24.896149,36.919292,0
1370,44.206966,35.007034,6
1371,-12.665648,17.205902,-1
1372,14.790239,49.448235,6
1373,-11.211899,11.883786,0
1374,-22.96562,37.866966,0
1375,17.885845,38.933228,0
1376,-2.7894337,23.671238,0
1377,-10.236965,11.512069,0
1378,14.133642,20.764366,-1
1379,-7.567448,21.499659,0
1380,-49.388435,30.707697,-1
1381,-9.521933,15.168255,0
1382,21.40811,22.025835,0
1383,-8.373091,10.813527,0
1384,29.257355,35.439213,0
1385,24.504671,31.468903,0
1386,2.4437983,38.614906,-1
1387,-5.2761493,81.989876,2
1388,16.366243,48.61734,6
1389,-26.71871,-0.27245522,0
1390,-12.427277,-2.2958066,0
1391,31.163553,48.040794,0
1392,18.470585,52.28948,6
1393,30.793165,47.867283,0
1394,17.222538,42.820374,0
1395,-34.255642,6.162704,0
1396,18.134186,50.692574,6
1397,-58.697273,23.206867,0
1398,13.697268,47.83914,6
1399,13.153376,49.529877,6
1400,19.20539,2.2981641,0
1401,18.938501,36.18052,0
1402,-14.966816,11.681553,0
1403,-16.865582,6.8261313,0
1404,19.191847,2.275078,0
1405,16.901724,49.645912,6
1406,26.046976,34.0198,0
1407,-20.63336,41.411957,0
1408,20.494148,49.361374,6
1409,49.101665,25.361172,0
1410,-2.7107437,-65.296074,0
1411,-30.588068,63.494473,1
1412,9.460905,93.97759,2
1413,38.69713,-67.427765,3
1414,-43.061832,64.92627,1
1415,-10.6875105,85.14988,-1
1416,26.065416,4.4403253,0
1417,-0.20059626,-92.86243,3
1418,17.81504,-76.23697,3
1419,14.75449,-85.00741,3
1420,2.4416523,-99.76263,3
1421,4.812825,-90.33153,3
1422,13.808673,-89.04962,3
1423,40.54306,-58.47215,-1
1424,28.209898,-87.11331,3
1425,16.773708,-61.642616,0
1426,24.696585,-80.572876,3
1427,-12.45584,-93.02383,3
1428,25.312923,-58.551365,-1
1429,21.849268,-98.552895,7
1430,1.0812398,-55.517483,-1
1431,18.16675,-85.52679,3
1432,20.271883,-88.26547,3
1433,15.857383,-79.73886,3
1434,8.093077,-92.12803,3
1435,5.5202236,-89.38975,3
1436,9.565253,-91.15353,3
1437,31.701359,-78.743675,0
1438,3.1485004,-80.43886,0
1439,-14.543404,-75.252426,0
1440,30.413382,9.831303,0
1441,22.659391,-67.63164,0
1442,18.320889,-70.01624,-1
1443,-10.2039385,-69.68549,0
1444,18.60573,-98.7896,7
1445,11.202477,-87.658875,3
1446,20.231285,-100.52197,7
1447,-4.0049267,-85.10083,7
1448,23.686636,-97.757774,7
1449,21.710932,-99.953094,7
1450,26.786097,-88.90135,3
1451,11.848579,-92.9406,3
1452,20.936949,-100.81029,7
1453,23.31017,-99.508545,7
1454,13.74345,-78.9137,3
1455,11.006253,-92.89215,3
1456,-14.668006,-91.642654,3
1457,22.82629,-101.86841,7
1458,24.119576,-100.21983,7
1459,22.603355,-100.54171,7
1460,-12.895418,-94.720604,3
1461,-15.887429,-73.72377,0
1462,-17.511429,-94.42537,3
1463,-14.814666,-94.52997,3
1464,-14.051794,-93.900085,3
1465,14.740364,-76.111275,3
1466,-1.6543807,-93.97058,3
1467,-14.574133,-93.38863,3
1468,-15.984268,-94.81351,3
1469,-15.417399,-93.820305,3
1470,-14.852013,-95.883514,3
1471,-12.527099,-96.24203,3
1472,8.931448,-88.90479,3
1473,-45.07314,32.788925,-1
1474,-16.016827,-92.66045,3
1475,25.610199,-88.36993,3
1476,11.634465,-70.794106,3
1477,-1.611932,-91.635506,3
1478,-1.0273857,-21.394445,-1
1479,7.6662297,67.88673,1
1480,10.18391,-94.18692,3
1481,2.618758,-84.34105,3
1482,22.48775,-95.39603,7
1483,29.677216,-77.47628,0
1484,-0.63280207,-60.678146,3
1485,-11.509168,-95.49002,3
1486,3.147242,-87.687126,3
1487,12.203037,-68.90391,-1
1488,20.776554,-74.94888,3
1489,23.290915,-96.235374,7
1490,2.1165252,-66.67638,0
1491,20.447796,-95.93558,7
1492,-11.7907715,-53.785645,-1
1493,-24.088696,49.496635,-1
1494,-4.8979774,-11.10702,-1
1495,-2.315514,-6.8973255,-1
1496,63.96108,-18.251198,2
1497,-9.769172,-25.52507,0
1498,56.090946,-34.694244,0
1499,-36.833065,-6.514281,4
1500,-38.67378,-5.1118603,4
1501,-27.726665,-12.620212,0
1502,54.26376,-7.678062,2
1503,19.932888,-13.391613,0
1504,13.427281,-53.9762,0
1505,2.1391306,-6.2558665,-1
1506,8.195121,58.775078,1
1507,-35.572536,21.817032,0
1508,-35.34754,71.39014,-1
1509,-20.384779,20.871468,0
1510,-0.20059626,-92.86243,3
1511,5.6556983,-53.932106,0
1512,-5.3528256,53.92273,1
1513,0.23546666,63.540146,1
1514,-25.525894,58.947548,1
1515,-43.06177,28.210627,-1
1516,15.230743,-84.521126,3
1517,-13.232687,79.367516,1
1518,27.098455,56.64855,-1
1519,30.851034,-56.266815,0
1520,70.339195,-35.92596,5
1521,-35.36451,65.988464,1
1522,-24.462416,10.690969,0
1523,34.35661,2.0534987,0
1524,-26.426262,44.129673,1
1525,-47.871662,51.77245,4
1526,-27.36325,3.509559,0
1527,-4.913815,14.263137,-1
1528,69.96025,-39.347378,5
1529,68.78089,-33.98302,5
1530,-35.404243,29.667246,-1
1531,-4.820504,12.803051,-1
1532,35.720535,-54.468277,0
1533,15.781876,-60.67779,0
1534,-30.512627,-7.235701,0
1535,58.11573,-37.218246,0
1536,67.68708,-17.192385,2
1537,46.22211,-2.8757403,0
1538,65.0063,-34.591118,5
1539,10.641805,8.035718,-1
1540,-31.7059,17.259443,-1
1541,36.195942,-14.314168,0
1542,-40.127197,58.891846,1
1543,-44.982483,48.308918,4
1544,55.808178,-42.410164,0
1545,-31.533852,70.4523,-1
1546,-1.0138707,60.840885,1
1547,-29.46637,-10.760679,0
1548,-35.745632,-10.18209,4
1549,19.716455,-50.51542,0
1550,-1.0003208,55.32871,1
1551,6.3556194,54.879417,1
1552,-42.752655,50.75354,4
1553,22.254747,-54.874775,0
1554,-12.059458,39.12845,1
1555,-42.6112,39.112576,0
1556,-48.112583,49.13197,4
1557,40.934265,-5.1727514,0
1558,-50.41599,46.324753,4
1559,0.124977835,58.74797,1
1560,-28.80529,34.93536,-1
1561,56.957176,-14.89928,2
1562,-54.1803,49.514473,4
1563,-49.437073,47.810562,4
1564,-29.55123,32.255203,-1
1565,-31.338043,0.5970896,4
1566,7.5971766,66.87957,1
1567,-14.270962,-24.708994,0
1568,18.16675,-85.52679,3
1569,67.355865,-36.14657,5
1570,4.657646,83.21962,-1
1571,-47.057087,50.008934,4
1572,-52.70643,48.670708,4
1573,-30.387783,47.32729,1
1574,-47.303223,43.066822,4
1575,-47.26476,44.37665,4
1576,14.563896,92.72191,2
1577,-47.154785,44.957623,4
1578,-41.022835,45.44289,4
1579,14.568884,60.33762,0
1580,-6.256704,65.65109,1
1581,-14.293561,61.642586,1
1582,-10.640084,67.18078,1
1583,-11.018882,62.709217,1
1584,-7.710677,-47.97806,0
1585,2.5623777,56.944874,1
1586,20.498802,-46.305042,0
1587,-1.9056557,58.497555,1
1588,7.105948,-4.8553834,0
1589,-36.644985,74.97751,-1
1590,-25.507944,48.395836,-1
1591,-28.602945,46.649384,1
1592,-6.566657,60.284798,-1
1593,-46.706093,50.977303,4
1594,-1.2224345,52.089428,1
1595,19.22117,-57.598816,0
1596,71.35773,-33.356037,5
1597,-39.586422,35.658348,0
1598,6.570009,43.143658,1
1599,25.812216,-15.54954,0
1600,-6.5110793,72.81556,1
1601,17.138079,87.10209,2
1602,61.905136,-33.55498,5
1603,51.1541,-34.977764,0
1604,-39.77702,25.108505,-1
1605,64.33182,-29.98188,5
1606,14.402041,-14.70729,-1
1607,-0.56827533,44.385715,1
1608,9.969531,64.0431,1
1609,11.573218,-16.93249,-1
1610,-38.00551,-9.940815,4
1611,51.82545,-30.001986,0
1612,15.565093,-27.884865,0
1613,-15.184974,-75.39933,0
1614,46.349968,-13.166374,0
1615,30.413382,9.831303,0
1616,13.457421,-4.368589,0
1617,62.05257,-26.822996,5
1618,-24.618214,46.862488,1
1619,-23.766685,63.842075,1
1620,-52.460316,22.89786,0
1621,-54.22436,23.714125,0
1622,43.63932,-50.85953,5
1623,-43.47705,17.297907,0
1624,-29.940857,44.081215,1
1625,-1.1166632,93.699844,2
1626,2.4820995,51.013126,1
1627,-32.55431,48.8747,1
1628,22.659391,-67.63164,0
1629,-3.7239807,34.70969,-1
1630,-3.8224661,35.69454,-1
1631,-6.8692985,34.356422,-1
1632,-4.498355,-50.53779,0
1633,36.572083,-24.80184,-1
1634,65.3875,-41.543736,5
1635,10.672153,-66.63686,3
1636,10.202045,88.31495,2
1637,65.02806,-14.526971,2
1638,4.8383603,62.402416,1
1639,3.516943,-28.763784,0
1640,0.5768425,68.81957,1
1641,-7.7795043,60.541046,1
1642,-32.185112,50.50025,1
1643,12.008953,-79.08197,3
1644,-23.885105,66.44461,1
1645,-17.261126,-76.868515,0
1646,59.6695,-15.027458,2
1647,-14.514437,25.080322,1
1648,-6.604426,55.972588,1
1649,0.6577953,68.93171,-1
1650,-47.275772,19.87873,0
1651,-47.235424,19.861153,0
1652,13.3340435,-28.083532,0
1653,-14.489445,-45.543503,0
1654,-14.305293,64.652565,-1
1655,32.791637,61.95529,-1
1656,-14.357423,-22.556728,-1
1657,-45.522476,18.806076,0
1658,-11.2529335,58.04913,-1
1659,-40.91429,47.776344,4
1660,-24.276382,54.123272,1
1661,-13.164852,-73.5114,0
1662,3.429867,-25.676582,0
1663,-24.783089,74.64622,1
1664,-14.755557,53.34973,1
1665,54.8664,-38.826332,0
1666,66.37625,-23.30899,0
1667,-35.360966,47.40115,1
1668,-36.163555,47.696148,-1
1669,-35.44529,-4.300527,4
1670,12.524121,-20.721626,-1
1671,-26.301264,61.043987,1
1672,-26.703571,64.65162,1
1673,9.435197,78.96363,-1
1674,-37.422405,59.525997,1
1675,7.917525,41.632607,1
1676,-11.921525,-45.140316,0
1677,23.443989,-28.410854,0
1678,8.203668,54.85334,1
1679,-30.649248,53.89564,1
1680,-35.15275,37.793438,-1
1681,-31.190496,52.582428,1
1682,-39.17236,51.493153,-1
1683,6.653976,68.25709,1
1684,11.373419,-48.133133,0
1685,-24.77296,60.191425,1
1686,-16.955069,-76.607086,0
1687,63.357616,-30.02012,5
1688,-10.563901,-71.938446,0
1689,4.8782606,63.689117,1
1690,5.5493603,62.927456,1
1691,4.6866455,61.139816,1
1692,-29.111004,50.492027,1
1693,-4.062549,-67.97999,0
1694,-21.669487,-47.29176,0
1695,-3.4070303,53.060303,1
1696,0.11455176,-11.400186,0
1697,3.9817758,63.538593,1
1698,-14.019215,18.97485,-1
1699,-41.6789,27.99538,-1
1700,-40.132957,27.599583,-1
1701,-30.83799,-51.864426,0
1702,13.911119,-81.20885,3
1703,-10.972976,-69.296104,0
1704,60.653545,-42.377804,-1
1705,7.477017,-49.096603,0
1706,6.473105,-47.772854,0
1707,18.499922,-81.73857,3
1708,4.5137086,-35.788845,0
1709,32.180332,61.613644,-1
1710,-28.105536,62.33113,1
1711,-5.5234146,46.069206,1
1712,-43.70103,51.005013,4
1713,28.241549,22.50317,0
1714,52.622696,-24.958405,-1
1715,9.465762,78.621994,-1
1716,32.00711,62.212654,-1
1717,-1.2897215,-2.959131,0
1718,-30.691692,50.842686,1
1719,16.17444,-20.81403,0
1720,53.307217,-24.887356,-1
1721,38.97191,-40.543633,0
1722,-35.001244,-4.81154,4
1723,-32.821198,-3.7232645,4
1724,-45.538567,33.699436,-1
1725,-32.23806,63.02036,1
1726,9.241577,9.941968,0
1727,-30.941801,-51.87644,-1
1728,-56.195225,22.363823,0
1729,-28.995497,55.76513,1
1730,1.175182,54.880043,1
1731,-18.47779,-38.97118,0
1732,39.353092,-40.27769,0
1733,-8.652547,55.726974,1
1734,-38.64006,55.103157,1
1735,-35.131523,52.690903,0
1736,-31.922508,61.01665,1
1737,23.684158,-25.949724,0
1738,-43.804474,12.225578,0
1739,-20.796246,65.42881,1
1740,-43.00947,64.67432,1
1741,-56.664974,24.556807,0
1742,11.184739,-46.09387,0
1743,-43.905937,63.74996,1
1744,-41.224274,65.4378,1
1745,-33.728523,23.071556,-1
1746,-14.543608,-10.033975,0
1747,-43.45421,11.194643,0
1748,38.945663,-41.61648,0
1749,-13.823214,24.13234,1
1750,14.272033,-45.207226,0
1751,37.757214,-42.60422,0
1752,-11.072327,-5.169533,0
1753,5.352549,-59.71616,-1
1754,-32.81355,45.856194,1
1755,-43.529613,47.61058,4
1756,-37.69068,60.323826,1
1757,-40.57718,50.789394,4
1758,12.308999,-50.161163,0
1759,-30.013092,58.61521,1
1760,-31.53724,54.199318,1
1761,-40.856503,-4.606215,4
1762,-17.64253,-46.530293,0
1763,-21.180393,63.379772,1
1764,27.351706,-86.3445,3
1765,-34.987164,37.169704,-1
1766,10.975291,-28.998856,0
1767,23.478617,-20.829445,-1
1768,-29.608019,49.57222,1
1769,-17.64836,-30.943905,-1
1770,-28.592186,66.95275,1
1771,25.128183,76.58479,-1
1772,2.0925653,91.44387,2
1773,-41.37182,44.411537,4
1774,15.877601,41.59643,0
1775,-24.38355,85.937096,1
1776,-21.625355,88.29608,1
1777,-22.60666,87.60802,1
1778,-21.939075,84.17612,1
1779,-50.856194,4.3692136,-1
1780,-49.479797,3.7463355,-1
1781,-52.029903,5.475753,-1
1782,-18.208128,-23.095732,0
1783,1.1864482,89.84278,0
1784,6.4728723,95.60251,2
1785,6.601407,93.65122,2
1786,-34.216534,57.126575,1
1787,8.465215,97.13342,2
1788,-34.60793,8.747409,0
1789,-7.7507944,55.746803,1
1790,-35.739246,9.792725,0
1791,-23.797266,43.084057,1
1792,-11.700273,27.256863,-1
1793,-14.307287,-15.224003,0
1794,-14.635176,-5.2765994,0
1795,-11.866103,9.993915,0
1796,30.829618,-3.3337297,-1
1797,-22.90068,8.106314,0
1798,-9.521933,15.168255,0
1799,30.630342,5.314729,0
1800,48.11595,26.491045,0
1801,-12.711271,85.99315,1
1802,-19.56681,84.04714,1
1803,-18.690216,85.17512,1
1804,-16.898573,88.36239,1
1805,-13.592291,86.236984,1
1806,-17.597364,88.04005,1
1807,44.642635,15.225069,0
1808,-22.404358,15.11725,0
1809,47.91121,10.200612,0
1810,11.641159,3.4844246,0
1811,44.456196,18.667494,0
1812,-21.188124,69.76572,1
1813,27.171904,6.1621904,0
1814,24.32758,4.6062694,0
1815,35.720535,-54.468277,0
1816,-31.533852,70.4523,-1
1817,-0.6984281,60.792065,1
1818,-12.014392,39.66483,1
1819,-11.309554,39.29475,1
1820,0.39422652,58.954933,1
1821,-28.80529,34.93536,-1
1822,-49.437073,47.810562,4
1823,-29.5502,32.254467,-1
1824,-1.9056557,58.497555,1
1825,6.981163,-5.8121595,0
1826,-36.64498,74.97737,-1
1827,-39.586422,35.658348,-1
1828,26.718544,-15.189363,0
1829,14.402041,-14.70729,-1
1830,-0.568465,44.384895,1
1831,9.9690695,64.04288,1
1832,2.4820995,51.013126,1
1833,-4.8541646,33.728485,-1
1834,23.132013,-68.12734,0
1835,-3.8224661,35.69454,-1
1836,-6.8692985,34.356422,-1
1837,6.833562,63.332817,1
1838,1.4563898,15.513033,1
1839,-3.030363,41.06543,1
1840,-33.378788,54.32255,1
1841,-22.662695,59.000824,-1
1842,4.251504,87.362045,2
1843,-18.715984,62.54757,1
1844,-17.970781,62.745453,1
1845,-19.532314,54.62269,1
1846,-16.190483,71.95627,1
1847,-55.539764,50.763027,4
1848,-26.318336,55.10843,1
1849,-26.284298,65.1223,1
1850,-22.844484,65.314476,1
1851,-4.6392455,57.34807,1
1852,8.475573,-49.910896,0
1853,-23.688864,40.01163,-1
1854,-40.20323,37.78471,0
1855,5.6881504,-40.871624,0
1856,6.5990868,61.759216,1
1857,-4.620341,57.854176,1
1858,-32.79701,55.37627,1
1859,14.154055,-6.218149,0
1860,-6.667312,-11.269013,-1
1861,-23.779915,51.094986,-1
1862,-38.12848,22.418684,0
1863,-32.235077,59.428955,1
1864,4.3939214,65.13889,1
1865,-25.198355,61.976036,1
1866,-23.04519,60.69066,1
1867,-21.456121,64.41282,1
1868,-29.160727,36.64471,-1
1869,-0.5946544,86.67895,2
1870,-10.678809,34.34992,-1
1871,-8.652984,45.73568,1
1872,-23.120485,64.57037,1
1873,-21.607958,56.03727,1
1874,-19.484888,63.84701,1
1875,0.5265939,-26.802896,0
1876,-9.715485,55.56991,-1
1877,-30.979439,59.53331,1
1878,-20.221905,51.124043,-1
1879,-37.725327,28.545935,-1
